event_id,settlement_date,settlement_period,system_length,niv,system_price,price_percentile,niv_percentile,reason_flagged,severity,quality_status
2025-10-13 SP26,2025-10-13,26,Short,184.92249316358024,487.0,100.0,58.17111815301041,Price tail (1st/99th percentile),Review,PASS
2025-10-22 SP35,2025-10-22,35,Short,394.1674707981308,315.1,99.97736532367587,85.76278859212313,Price tail (1st/99th percentile),Review,PASS
2025-10-22 SP36,2025-10-22,36,Short,245.83079827278158,302.69008,99.95473064735174,68.49253055681304,Price tail (1st/99th percentile),Review,PASS
2025-10-14 SP37,2025-10-14,37,Short,13.3421875,300.0,99.93209597102761,5.771842462652784,Price tail (1st/99th percentile),Review,PASS
2025-10-13 SP35,2025-10-13,35,Short,391.93577670613314,294.93,99.90946129470348,85.51380715255772,Price tail (1st/99th percentile),Review,PASS
2025-10-13 SP27,2025-10-13,27,Short,33.943333743961354,290.0,99.88682661837936,14.622000905387052,Price tail (1st/99th percentile),Review,PASS
2025-10-13 SP36,2025-10-13,36,Short,215.82547222001918,282.75,99.86419194205523,64.16930737890448,Price tail (1st/99th percentile),Review,PASS
2025-10-13 SP38,2025-10-13,38,Short,414.1666666666667,282.16,99.8415572657311,87.50565866908103,Price tail (1st/99th percentile),Review,PASS
2025-10-13 SP37,2025-10-13,37,Short,381.4919363940329,281.88,99.81892258940697,84.63105477591671,Price tail (1st/99th percentile),Review,PASS
2025-10-15 SP34,2025-10-15,34,Short,203.77777777777777,264.0,99.79628791308285,61.95110909913988,Price tail (1st/99th percentile),Review,PASS
2025-10-22 SP37,2025-10-22,37,Short,25.53213974894674,250.0,99.77365323675872,10.909913988229968,Price tail (1st/99th percentile),Review,PASS
2025-10-22 SP38,2025-10-22,38,Short,20.701540687612454,250.0,99.77365323675872,8.940697148030784,Price tail (1st/99th percentile),Review,PASS
2025-10-13 SP34,2025-10-13,34,Short,745.1880555555556,248.0,99.72838388411046,97.82707107288365,Price tail (1st/99th percentile),Review,PASS
2025-11-21 SP16,2025-11-21,16,Short,680.9760961169386,247.3104,99.70574920778633,96.78587596197374,Price tail (1st/99th percentile),Review,PASS
2025-11-21 SP15,2025-11-21,15,Short,180.61130697433518,241.63,99.68311453146221,57.37890448166591,Price tail (1st/99th percentile),Review,PASS
2025-10-13 SP33,2025-10-13,33,Short,594.4101295825702,240.1,99.66047985513808,94.95246717971933,Price tail (1st/99th percentile),Review,PASS
2025-10-13 SP31,2025-10-13,31,Short,201.17499057306256,232.56,99.63784517881395,61.54368492530556,Price tail (1st/99th percentile),Review,PASS
2025-10-13 SP32,2025-10-13,32,Short,186.64503205128204,232.56,99.63784517881395,58.64644635581712,Price tail (1st/99th percentile),Review,PASS
2025-10-22 SP34,2025-10-22,34,Short,759.3167562724014,209.38,99.59257582616569,97.98551380715256,Price tail (1st/99th percentile),Review,PASS
2025-11-25 SP33,2025-11-25,33,Short,163.3539700631313,203.37,99.56994114984155,53.75735626980534,Price tail (1st/99th percentile),Review,PASS
2025-11-25 SP34,2025-11-25,34,Short,133.92704448329448,203.37,99.56994114984155,46.785875961973744,Price tail (1st/99th percentile),Review,PASS
2025-10-22 SP33,2025-10-22,33,Short,410.33449015469597,196.73,99.52467179719329,87.30194658216386,Price tail (1st/99th percentile),Review,PASS
2025-11-25 SP35,2025-11-25,35,Short,216.40996827894327,190.06,99.50203712086918,64.259846084201,Price tail (1st/99th percentile),Review,PASS
2025-11-21 SP18,2025-11-21,18,Short,132.16633333333334,185.0,99.47940244454504,46.24264373019466,Price tail (1st/99th percentile),Review,PASS
2025-11-25 SP36,2025-11-25,36,Short,55.98219570881226,184.18,99.45676776822091,24.196468990493436,Price tail (1st/99th percentile),Review,PASS
2025-11-01 SP19,2025-11-01,19,Long,-1136.7506518055557,-30.0,0.04526935264825713,99.75101856043459,Price tail (1st/99th percentile); Absolute NIV upper 1%,Joint tail,PASS
2025-11-01 SP20,2025-11-01,20,Long,-1212.3711712626264,-30.0,0.04526935264825713,99.8415572657311,Price tail (1st/99th percentile); Absolute NIV upper 1%,Joint tail,PASS
2025-10-14 SP39,2025-10-14,39,Short,318.8422913850692,179.31002298850575,99.43413309189678,78.67813490267089,Price tail (1st/99th percentile),Review,PASS
2025-10-15 SP33,2025-10-15,33,Short,254.82,179.0,99.41149841557265,69.85061113626075,Price tail (1st/99th percentile),Review,PASS
2025-10-13 SP39,2025-10-13,39,Short,204.74887222222222,177.11,99.38886373924854,62.10955183340878,Price tail (1st/99th percentile),Review,PASS
2025-10-13 SP25,2025-10-13,25,Short,48.43888888888889,176.37775455074635,99.3662290629244,21.095518334087824,Price tail (1st/99th percentile),Review,PASS
2025-10-14 SP40,2025-10-14,40,Short,226.71203976190475,175.0,99.34359438660027,65.6858306926211,Price tail (1st/99th percentile),Review,PASS
2025-11-01 SP18,2025-11-01,18,Long,-1185.6965178856708,-20.0,0.0679040289723857,99.79628791308285,Price tail (1st/99th percentile); Absolute NIV upper 1%,Joint tail,PASS
2025-11-25 SP37,2025-11-25,37,Short,52.89944861111111,168.16,99.32095971027614,22.974196468990492,Price tail (1st/99th percentile),Review,PASS
2025-10-04 SP30,2025-10-04,30,Long,-750.4111808333333,-18.38,0.09053870529651425,97.89497510185605,Price tail (1st/99th percentile),Review,PASS
2025-10-03 SP09,2025-10-03,9,Long,-519.2814815277778,-17.62,0.22634676324128564,92.64373019465822,Price tail (1st/99th percentile),Review,PASS
2025-10-03 SP10,2025-10-03,10,Long,-481.2517573611111,-17.62,0.22634676324128564,91.03666817564509,Price tail (1st/99th percentile),Review,PASS
2025-10-04 SP08,2025-10-04,8,Long,-438.7211111111111,-17.62,0.22634676324128564,88.88637392485288,Price tail (1st/99th percentile),Review,PASS
2025-10-04 SP09,2025-10-04,9,Long,-501.81111444444446,-17.62,0.22634676324128564,91.98732458125849,Price tail (1st/99th percentile),Review,PASS
2025-10-04 SP17,2025-10-04,17,Long,-565.5546452469615,-17.62,0.22634676324128564,94.06971480307831,Price tail (1st/99th percentile),Review,PASS
2025-10-05 SP28,2025-10-05,28,Long,-551.4089972222222,-17.62,0.22634676324128564,93.86600271616116,Price tail (1st/99th percentile),Review,PASS
2025-11-21 SP34,2025-11-21,34,Short,181.73472466269843,167.0,99.29832503395201,57.53734721593481,Price tail (1st/99th percentile),Review,PASS
2025-10-25 SP30,2025-10-25,30,Long,-537.4985357264957,-17.32,0.6337709370755998,93.41330918967859,Price tail (1st/99th percentile),Review,PASS
2025-10-26 SP15,2025-10-26,15,Long,-489.17483111111113,-17.32,0.6337709370755998,91.42145767315527,Price tail (1st/99th percentile),Review,PASS
2025-10-26 SP23,2025-10-26,23,Long,-1094.0089677927003,-17.32,0.6337709370755998,99.70574920778633,Price tail (1st/99th percentile); Absolute NIV upper 1%,Joint tail,PASS
2025-10-26 SP24,2025-10-26,24,Long,-825.0908333333333,-17.32,0.6337709370755998,98.48347668628338,Price tail (1st/99th percentile),Review,PASS
2025-10-27 SP04,2025-10-27,4,Long,-804.8202074404762,-17.32,0.6337709370755998,98.37030330466274,Price tail (1st/99th percentile),Review,PASS
2025-10-27 SP05,2025-10-27,5,Long,-603.9741490277778,-17.32,0.6337709370755998,95.17881394296062,Price tail (1st/99th percentile),Review,PASS
2025-10-27 SP06,2025-10-27,6,Long,-731.9899908333333,-17.32,0.6337709370755998,97.64599366229064,Price tail (1st/99th percentile),Review,PASS
2025-10-27 SP07,2025-10-27,7,Long,-836.9624979166666,-17.32,0.6337709370755998,98.70982344952466,Price tail (1st/99th percentile),Review,PASS
2025-10-27 SP08,2025-10-27,8,Long,-947.3291577777778,-17.32,0.6337709370755998,99.2756903576279,Price tail (1st/99th percentile); Absolute NIV upper 1%,Joint tail,PASS
2025-10-27 SP09,2025-10-27,9,Long,-638.4632566666667,-17.32,0.6337709370755998,95.97102761430511,Price tail (1st/99th percentile),Review,PASS
2025-10-29 SP09,2025-10-29,9,Long,-408.0876582856447,-17.32,0.6337709370755998,87.18877320054324,Price tail (1st/99th percentile),Review,PASS
2025-10-29 SP10,2025-10-29,10,Long,-836.3020688834423,-17.32,0.6337709370755998,98.68718877320055,Price tail (1st/99th percentile),Review,PASS
2025-10-29 SP11,2025-10-29,11,Long,-965.4477752579365,-17.32,0.6337709370755998,99.3662290629244,Price tail (1st/99th percentile); Absolute NIV upper 1%,Joint tail,PASS
2025-10-31 SP13,2025-10-31,13,Long,-426.4633637037037,-17.32,0.6337709370755998,88.04889090086012,Price tail (1st/99th percentile),Review,PASS
2025-11-01 SP21,2025-11-01,21,Long,-654.2748493686869,-17.32,0.6337709370755998,96.17473970122226,Price tail (1st/99th percentile),Review,PASS
2025-11-01 SP22,2025-11-01,22,Long,-763.3722191666667,-17.32,0.6337709370755998,98.03078315980082,Price tail (1st/99th percentile),Review,PASS
2025-11-01 SP23,2025-11-01,23,Long,-408.94557705687436,-17.32,0.6337709370755998,87.2340425531915,Price tail (1st/99th percentile),Review,PASS
2025-11-01 SP24,2025-11-01,24,Long,-638.2126869234598,-17.32,0.6337709370755998,95.94839293798098,Price tail (1st/99th percentile),Review,PASS
2025-10-04 SP37,2025-10-04,37,Long,-440.2441763888889,-17.181807251000624,0.6564056133997285,88.93164327750112,Price tail (1st/99th percentile),Review,PASS
2025-11-12 SP13,2025-11-12,13,Long,-476.60095510611205,-17.14,0.6790402897238569,90.69714803078315,Price tail (1st/99th percentile),Review,PASS
2025-11-29 SP12,2025-11-29,12,Long,-1331.1960477292992,-17.03,0.7922136713444997,99.88682661837936,Price tail (1st/99th percentile); Absolute NIV upper 1%,Joint tail,PASS
2025-11-30 SP10,2025-11-30,10,Long,-416.99575217592593,-17.03,0.7922136713444997,87.59619737437755,Price tail (1st/99th percentile),Review,PASS
2025-11-30 SP11,2025-11-30,11,Long,-489.5234722222222,-17.03,0.7922136713444997,91.46672702580354,Price tail (1st/99th percentile),Review,PASS
2025-11-30 SP12,2025-11-30,12,Long,-476.43231755872887,-17.03,0.7922136713444997,90.67451335445902,Price tail (1st/99th percentile),Review,PASS
2025-11-30 SP46,2025-11-30,46,Long,-496.8482100534188,-17.03,0.7922136713444997,91.78361249434133,Price tail (1st/99th percentile),Review,PASS
2025-11-01 SP25,2025-11-01,25,Long,-331.30607240433295,-17.0,0.8148483476686283,79.99094612947036,Price tail (1st/99th percentile),Review,PASS
2025-10-04 SP32,2025-10-04,32,Long,-486.20652930555553,-16.98,0.8374830239927569,91.35355364418288,Price tail (1st/99th percentile),Review,PASS
2025-10-04 SP42,2025-10-04,42,Long,-366.2792565898558,-16.88,0.8601177003168854,83.34087822544137,Price tail (1st/99th percentile),Review,PASS
2025-10-04 SP43,2025-10-04,43,Long,-234.2484715650753,-16.87,0.882752376641014,66.77229515617927,Price tail (1st/99th percentile),Review,PASS
2025-11-17 SP34,2025-11-17,34,Short,427.47116666666665,164.45,99.2756903576279,88.16206428248076,Price tail (1st/99th percentile),Review,PASS
2025-11-17 SP41,2025-11-17,41,Short,131.46636363636364,164.45,99.2756903576279,46.0389316432775,Price tail (1st/99th percentile),Review,PASS
2025-11-03 SP32,2025-11-03,32,Long,-386.4872232852322,-15.0,0.9053870529651425,85.1063829787234,Price tail (1st/99th percentile),Review,PASS
2025-10-04 SP41,2025-10-04,41,Long,-294.2106747267025,-13.66,0.9506564056133997,75.21502942507922,Price tail (1st/99th percentile),Review,PASS
2025-10-04 SP44,2025-10-04,44,Long,-184.0766652086983,-13.66,0.9506564056133997,57.89950203712087,Price tail (1st/99th percentile),Review,PASS
2025-10-04 SP18,2025-10-04,18,Long,-106.07467976190476,-11.22,1.0638297872340425,39.79176097781802,Price tail (1st/99th percentile),Review,PASS
2025-10-05 SP08,2025-10-05,8,Long,-61.31343888888889,-11.22,1.0638297872340425,25.803531009506564,Price tail (1st/99th percentile),Review,PASS
2025-10-05 SP09,2025-10-05,9,Long,-87.70515152777777,-11.22,1.0638297872340425,34.20099592575826,Price tail (1st/99th percentile),Review,PASS
2025-10-05 SP26,2025-10-05,26,Long,-287.4617337229979,-11.22,1.0638297872340425,74.35491172476235,Price tail (1st/99th percentile),Review,PASS
2025-10-05 SP29,2025-10-05,29,Long,-225.88672571759258,-11.22,1.0638297872340425,65.55002263467632,Price tail (1st/99th percentile),Review,PASS
2025-11-29 SP11,2025-11-29,11,Long,-1376.7806568433327,-10.92,1.6296966953372567,99.90946129470348,Absolute NIV upper 1%,Review,PASS
2025-11-29 SP13,2025-11-29,13,Long,-942.7207451559409,-10.92,1.6296966953372567,99.23042100497963,Absolute NIV upper 1%,Review,PASS
2025-11-05 SP43,2025-11-05,43,Short,692.806703109319,160.0,99.23042100497963,97.01222272521503,Price tail (1st/99th percentile),Review,PASS
2025-11-20 SP36,2025-11-20,36,Short,10.174162916666667,159.53,99.2077863286555,4.4590312358533275,Price tail (1st/99th percentile),Review,PASS
2025-11-21 SP14,2025-11-21,14,Short,30.407402432259403,159.28978723404256,99.18515165233137,13.173381620642823,Price tail (1st/99th percentile),Review,PASS
2025-11-25 SP32,2025-11-25,32,Short,205.0818747222222,158.47020408163266,99.16251697600724,62.15482118605704,Price tail (1st/99th percentile),Review,PASS
2025-10-15 SP37,2025-10-15,37,Short,320.7781746031746,157.07,99.13988229968311,78.81394296061566,Price tail (1st/99th percentile),Review,PASS
2025-10-15 SP38,2025-10-15,38,Short,298.499880952381,157.07,99.13988229968311,75.84880036215482,Price tail (1st/99th percentile),Review,PASS
2025-10-07 SP37,2025-10-07,37,Short,382.07954545454544,156.92,99.09461294703486,84.67632412856496,Price tail (1st/99th percentile),Review,PASS
2025-10-07 SP38,2025-10-07,38,Short,341.89434944444446,155.99,99.07197827071073,80.94160253508375,Price tail (1st/99th percentile),Review,PASS
2025-11-29 SP10,2025-11-29,10,Long,-1064.7898344444445,-6.0,2.3087369850611137,99.61521050248982,Absolute NIV upper 1%,Review,PASS
2025-11-21 SP19,2025-11-21,19,Short,403.3683297222222,155.33,99.0493435943866,86.75871435038479,Price tail (1st/99th percentile),Review,PASS
2025-10-24 SP03,2025-10-24,3,Long,-924.6438686309524,-5.06,2.5350837483023994,99.13988229968311,Absolute NIV upper 1%,Review,PASS
2025-10-12 SP37,2025-10-12,37,Short,306.8227642735593,154.0,99.02670891806247,77.22951561792667,Price tail (1st/99th percentile),Review,PASS
2025-10-12 SP38,2025-10-12,38,Short,301.72437777777776,154.0,99.02670891806247,76.36939791760979,Price tail (1st/99th percentile),Review,PASS
2025-10-12 SP25,2025-10-12,25,Short,1067.7672134150328,151.0,98.86826618379358,99.63784517881395,Absolute NIV upper 1%,Review,PASS
2025-10-12 SP24,2025-10-12,24,Short,945.6285853151261,149.0,98.64191942055228,99.25305568130376,Absolute NIV upper 1%,Review,PASS
2025-12-19 SP08,2025-12-19,8,Long,-888.036209164423,3.24,4.640108646446356,99.0493435943866,Absolute NIV upper 1%,Review,PASS
2025-12-19 SP10,2025-12-19,10,Long,-1011.7751236507936,4.77,4.956994114984155,99.52467179719329,Absolute NIV upper 1%,Review,PASS
2025-12-19 SP09,2025-12-19,9,Long,-914.67404744773,6.78,5.454956994114984,99.11724762335898,Absolute NIV upper 1%,Review,PASS
2025-10-11 SP23,2025-10-11,23,Short,933.5753843578256,125.0,95.83521955636034,99.18515165233137,Absolute NIV upper 1%,Review,PASS
2025-11-05 SP21,2025-11-05,21,Short,960.4394055555556,124.0,95.42779538252603,99.32095971027614,Absolute NIV upper 1%,Review,PASS
2025-11-16 SP35,2025-11-16,35,Short,1113.1305075757575,123.5,95.20144861928475,99.72838388411046,Absolute NIV upper 1%,Review,PASS
2025-11-16 SP36,2025-11-16,36,Short,1041.1509895833333,123.5,95.20144861928475,99.54730647351742,Absolute NIV upper 1%,Review,PASS
2025-11-16 SP34,2025-11-16,34,Short,983.8948293686868,122.0,94.79402444545043,99.43413309189678,Absolute NIV upper 1%,Review,PASS
2025-12-02 SP36,2025-12-02,36,Long,-1080.993888888889,121.22,94.59031235853327,99.68311453146221,Absolute NIV upper 1%,Review,PASS
2025-11-20 SP18,2025-11-20,18,Short,1078.4383955442847,118.0,93.5038478949751,99.66047985513808,Absolute NIV upper 1%,Review,PASS
2025-10-03 SP18,2025-10-03,18,Short,963.2983331709956,114.0,91.85151652331372,99.34359438660027,Absolute NIV upper 1%,Review,PASS
2025-10-03 SP38,2025-10-03,38,Short,1521.3971349358974,113.8,91.53463105477591,99.97736532367587,Absolute NIV upper 1%,Review,PASS
2025-10-03 SP39,2025-10-03,39,Short,977.0716560039351,113.8,91.53463105477591,99.38886373924854,Absolute NIV upper 1%,Review,PASS
2025-10-03 SP41,2025-10-03,41,Short,912.0145635714285,113.65,91.4440923494794,99.09461294703486,Absolute NIV upper 1%,Review,PASS
2025-11-20 SP17,2025-11-20,17,Short,877.8336734974747,112.77647725576817,90.85559076505206,99.00407424173834,Absolute NIV upper 1%,Review,PASS
2025-10-03 SP20,2025-10-03,20,Short,1399.6143437549106,109.95,88.70529651425984,99.93209597102761,Absolute NIV upper 1%,Review,PASS
2025-10-03 SP17,2025-10-03,17,Short,1003.3233799645616,109.55,88.56948845631507,99.50203712086918,Absolute NIV upper 1%,Review,PASS
2025-10-03 SP19,2025-10-03,19,Short,1196.9013221474358,109.55,88.56948845631507,99.81892258940697,Absolute NIV upper 1%,Review,PASS
2025-10-03 SP37,2025-10-03,37,Short,1563.3382684622015,109.4,88.32050701674966,100.0,Absolute NIV upper 1%,Review,PASS
2025-10-03 SP42,2025-10-03,42,Short,1216.0170842391303,109.0,88.026256224536,99.86419194205523,Absolute NIV upper 1%,Review,PASS
2025-10-03 SP43,2025-10-03,43,Short,933.2854931944445,109.0,88.026256224536,99.16251697600724,Absolute NIV upper 1%,Review,PASS
2025-12-08 SP05,2025-12-08,5,Short,978.9929518253969,105.0,84.90267089180624,99.41149841557265,Absolute NIV upper 1%,Review,PASS
2025-12-31 SP34,2025-12-31,34,Short,899.512529484127,105.0,84.90267089180624,99.07197827071073,Absolute NIV upper 1%,Review,PASS
2025-11-18 SP12,2025-11-18,12,Long,-1461.8570225605088,59.9,24.01539157990041,99.95473064735174,Absolute NIV upper 1%,Review,PASS
2025-12-18 SP41,2025-12-18,41,Short,1155.3901320749158,91.0,63.354459031235855,99.77365323675872,Absolute NIV upper 1%,Review,PASS
2025-10-03 SP36,2025-10-03,36,Short,1045.0848019973546,103.85,82.48076052512448,99.59257582616569,Absolute NIV upper 1%,Review,PASS
2025-12-02 SP35,2025-12-02,35,Long,-1042.5366666666666,91.24,63.39972838388411,99.56994114984155,Absolute NIV upper 1%,Review,PASS
2025-12-08 SP06,2025-12-08,6,Short,1002.4391798412698,84.85,57.53734721593481,99.47940244454504,Absolute NIV upper 1%,Review,PASS
2025-10-22 SP24,2025-10-22,24,Long,-992.6964098611111,64.52324772663603,33.838841104572204,99.45676776822091,Absolute NIV upper 1%,Review,PASS
2025-11-20 SP26,2025-11-20,26,Long,-956.9723061877191,67.86,41.647804436396555,99.29832503395201,Absolute NIV upper 1%,Review,PASS
2025-12-09 SP37,2025-12-09,37,Short,939.706863125,98.1,75.32820280669986,99.2077863286555,Absolute NIV upper 1%,Review,PASS
2025-12-16 SP22,2025-12-16,22,Long,-882.17167,64.1,32.43549117247623,99.02670891806247,Absolute NIV upper 1%,Review,PASS
